grain_id,area_pixels,equivalent_diameter_pixels,major_axis_pixels,minor_axis_pixels,aspect_ratio,centroid_x,centroid_y,bbox_x,bbox_y,bbox_w,bbox_h,area_mm2,equivalent_diameter_mm,major_axis_mm,minor_axis_mm,phi,classification
10,511.5,25.519835954254013,46.6046028137207,25.535850524902344,1.825065617778123,18.201558127999306,0.19343761168420315,17.72256975620985,0.018422629684209824,0.9579767435789108,0.35002996399998665,0.1735996581846848,0.4701424873870051,0.8585793392168597,0.4704375178916109,1.088830030240133,Medium_Sand
11,501.0,25.25654394235911,65.8584976196289,35.677398681640625,1.8459444929632522,32.36856035515666,0.22107155621051788,32.01853039115667,0.018422629684209824,0.7000599279999733,0.4052978530526161,0.17003602883778512,0.46529195615305474,1.2132867132048375,0.657271504007781,1.1037918485151932,Medium_Sand
12,8553.0,104.3552481963406,163.75352478027344,73.90436553955078,2.2157490100180732,5.499154960736632,0.7092712428420782,3.758216455578804,0.018422629684209824,3.4818770103156567,1.3816972263157368,2.902830648003146,1.922498093124988,3.0167705465110544,1.3615127583816218,-0.9429821672167571,Very_Coarse_Sand
13,1032.0,36.24890633062862,80.1333999633789,32.041229248046875,2.5009464943753232,18.127867609262466,0.313184704631567,17.262004014104605,0.018422629684209824,1.7317271903157234,0.5895241498947144,0.35025385580956936,0.6678001777867802,1.4762679528620026,0.5902837010636404,0.5825116174011704,Coarse_Sand
14,1969.5,50.076394472404886,754.1329345703125,171.43035888671875,4.399062916671859,33.70420100726187,0.2947620749473572,32.71859031915665,0.018422629684209824,1.9712213762104511,0.5526788905262947,0.6684350474970415,0.9225388712855269,13.893111786255304,3.158198018401208,0.11631839430577609,Coarse_Sand
15,1269.5,40.204198811085504,70.26683044433594,37.29123306274414,1.8842721109840723,31.705345686525106,0.3960865382105112,31.24477994441986,0.018422629684209824,0.9211314842104912,0.7553278170526028,0.430859757703729,0.7406670664469771,1.2944997963591618,0.687002577182497,0.4331029052890446,Coarse_Sand
16,322.5,20.263754666327017,38.421051025390625,17.763879776000977,2.1628749749419893,32.54357533715665,0.35924127884209156,32.31329246610403,0.05526788905262947,0.4605657421052456,0.6079467795789242,0.10945432994049042,0.3733116482294214,0.7078167951189016,0.32725737886809014,1.4215475699574893,Medium_Sand
17,1843811.5,1532.1924535897758,2415.489013671875,1499.014892578125,1.6113842668484266,17.68572449684143,9.948220029473305,0.018422629684209824,0.018422629684209824,35.33460373431444,19.85959479957819,625.7772163382033,28.227014177425286,44.49965960515419,27.615796257082366,-4.8190046250479135,Coarse_Gravel
18,350.0,21.11004122822376,33.72127151489258,19.298519134521484,1.7473502127202836,32.70937900431454,0.7461165022104979,32.47909613326192,0.4605657421052456,0.4605657421052456,0.5711015202105045,0.11878764489665627,0.38890247216596824,0.6212344975995592,0.35552947146892677,1.3625196891966331,Medium_Sand
19,364.5,21.542883141677365,34.562530517578125,20.91862678527832,1.652237064715062,32.248813262209296,0.5895241498947144,31.963262502104044,0.3868752233684063,0.5711015202105045,0.4052978530526161,0.12370884732808918,0.3968765584493288,0.6367327006745427,0.3853761147673751,1.333237742949329,Medium_Sand
20,633.0,28.38944578214513,245.46343994140625,40.1044921875,6.120597133951835,33.335748413577676,0.7553278170526028,32.865971356630325,0.4789883717894554,0.939554113894701,0.5526788905262947,0.2148359406273812,0.5230082465844123,4.522082055052806,0.7388302082435985,0.9350944003986268,Coarse_Sand
21,110.5,11.861406733319429,23.470867156982422,14.770211219787598,1.5890678073403979,32.2580245770514,0.8658635951578617,32.03695302084088,0.7369051873683929,0.44214311242103577,0.25791681557893753,0.03750295646023005,0.21851830378173678,0.4323950940003698,0.272106131659708,2.1941739654170815,Fine_Sand
22,352.0,21.17026971360491,34.23316955566406,19.222370147705078,1.7809026302488038,31.97247381694615,0.9303427990525961,31.668500427156687,0.7184825576841831,0.6079467795789242,0.42372048273682594,0.11946643143892288,0.390012039248586,0.6306650056407648,0.35412660688398034,1.3584094357941487,Medium_Sand
23,1048.5,36.537537720196994,59.14958953857422,36.03046417236328,1.6416549410968782,1.9343761168420315,0.838229650631547,1.3816972263157368,0.4052978530526161,1.1053577810525894,0.8658635951578617,0.35585384478326887,0.6731175269920373,1.0896909840421642,0.6637758987976383,0.571069672064501,Coarse_Sand
24,1610.5,45.28302426733421,63.79929733276367,44.23967361450195,1.44212857193978,2.3304626550525427,1.0777238365262747,1.6948819309473038,0.6079467795789242,1.2711614482104778,0.939554113894701,0.5465928631601855,0.834232387058185,1.1753508288743006,0.8150111243502778,0.2614787724213902,Coarse_Sand
25,378.0,21.938198374294355,29.28862190246582,19.457059860229492,1.5052953587469904,32.506730077788234,1.0040333177894354,32.23960194736719,0.7921730764210224,0.5342562608420849,0.42372048273682594,0.12829065648838878,0.40415930458835886,0.5395734352699648,0.3584502085485113,1.3070040330022612,Medium_Sand
26,2911.5,60.885441071707994,100.4822769165039,64.60562896728516,1.5553176793215013,3.979288011789322,1.3724859114736319,3.021311268210411,0.5158336311578751,1.9159534871578217,1.7133045606315136,0.9881435089046136,1.1216699340238556,1.8511477774589764,1.1902055779797536,-0.16564820660461255,Very_Coarse_Sand
27,1738.5,47.048134378762356,72.14862823486328,42.22157287597656,1.70880958051458,1.1974709294736385,1.2895840778946877,0.44214311242103577,0.8290183357894421,1.5106556341052055,0.9211314842104912,0.5900352018652484,0.8667503569928801,1.3291674601946113,0.7778324017789942,0.20631156924898353,Coarse_Sand
28,368.5,21.660765735192914,27.380081176757812,21.577970504760742,1.2688904719151854,32.01853039115667,1.252738818526268,31.742190945893526,1.0132446326315403,0.5526788905262947,0.4789883717894554,0.1250664204126224,0.39904826581588,0.5044130962430131,0.3975229599460093,1.3253648405652627,Medium_Sand
29,2190.5,52.81127931363123,86.7584228515625,35.85934066772461,2.4194093152875475,5.858396239578724,1.5106556341052055,4.974110014736652,1.1237804107367992,1.768572449684143,0.7737504467368126,0.7434409604175016,0.9729226419443989,1.5983182961804232,0.6606233538414159,0.039602995451322086,Coarse_Sand
30,922.0,34.262616074167774,46.59859085083008,36.04600143432617,1.29275339834101,1.4922330044209957,1.8975308574736118,1.1237804107367992,1.4738103747367859,0.7369051873683929,0.8474409654736519,0.31292059598490596,0.6312074879466478,0.8584685830508505,0.6640621360210872,0.6638137748981287,Coarse_Sand
31,3607.5,67.77323703079335,106.84103393554688,56.564186096191406,1.8888459519925935,2.616013415157795,1.8514742832630873,1.5843461528420448,1.1237804107367992,2.0633345246315002,1.455387745052576,1.224361225613393,1.248561248318482,1.968292803272675,1.0420610538388644,-0.32026659457648277,Very_Coarse_Sand
32,1880.5,48.93186041705827,69.2061996459961,50.14391326904297,1.3801515504918018,0.939554113894701,2.413364488631487,0.313184704631567,1.7133045606315136,1.252738818526268,1.4001198559999466,0.6382290463661775,0.9014535442229094,1.274960187929679,0.9237827450727139,0.14967494959264413,Coarse_Sand
33,1780.5,47.61305503116721,98.16421508789062,58.68494415283203,1.6727325296969444,16.644845919683576,2.1462363582104445,15.972419936209917,1.1974709294736385,1.3448519669473171,1.8975308574736118,0.6042897192528471,0.8771576809730969,1.8084429828053317,1.081130994166159,0.18909188493126608,Coarse_Sand
34,1087.0,37.202303492218356,54.84345626831055,34.91764450073242,1.570651659139269,12.868206834420562,2.5699568409472704,12.324739258736372,2.173870302736759,1.0869351513683796,0.7921730764210224,0.36892048572190106,0.6853642606367246,1.0103606854332412,0.643274834081879,0.5450571325991428,Coarse_Sand
35,1930.0,49.57168870775802,124.40204620361328,36.9437370300293,3.3673379090614057,5.222815515473485,2.6252247299999,3.9977106414735317,2.173870302736759,2.4502097479999065,0.9027088545262814,0.655029013287276,0.9132408638839519,2.291812829167128,0.6806007864550594,0.13093267903507597,Coarse_Sand
36,528.0,25.928179257714298,42.43942642211914,29.41179847717285,1.44293884153522,13.466942299157381,2.910775490105152,13.024799186736345,2.5607455261051655,0.8842862248420715,0.7000599279999733,0.17919964715838432,0.47766524485068085,0.7818458369849708,0.5418426716915619,1.0659281854335707,Medium_Sand
37,2180.0,52.68455378498194,116.240478515625,27.790414810180664,4.182754352880036,15.475008934736252,2.6344360448420048,14.406496413052082,2.0449118949472904,2.1370250433683395,1.1790482997894287,0.7398773310706019,0.9705880244585572,2.1414552900087074,0.5119725208185386,0.043069035280653215,Coarse_Sand
38,439.5,23.655628926560038,28.546239852905273,23.92115592956543,1.1933470078518846,13.863028837367892,3.0950017869472504,13.61432333663106,2.837084971368313,0.49741100147366524,0.5158336311578751,0.14916334266308695,0.43579889166109753,0.5258968056867062,0.4406905973086239,1.1982655675410954,Medium_Sand
39,875.5,33.387441073188505,68.04141998291016,25.320877075195312,2.6871667905044445,15.465797619894147,3.012099953368306,14.811794266104698,2.6528586745262146,1.3080067075788975,0.7184825576841831,0.29713880887720734,0.6150844629947289,1.2535018835329481,0.4664771416357212,0.7011435608960186,Coarse_Sand
40,343.5,20.91310076522677,29.785566329956055,18.428340911865234,1.6162912587957596,14.277538005262613,3.0950017869472504,14.001198559999466,2.910775490105152,0.5526788905262947,0.36845259368419647,0.1165815886342898,0.38527431094633785,0.5487284584312491,0.3394985003136668,1.3760421007037473,Medium_Sand
41,350.0,21.11004122822376,28.012996673583984,20.316177368164062,1.3788517478431264,19.15032355673611,3.2055375650525093,18.84635016694665,2.9844660088419914,0.6079467795789242,0.44214311242103577,0.11878764489665627,0.38890247216596824,0.5160730640624394,0.37427741225241107,1.3625196891966331,Medium_Sand
42,3431.5,66.09933053941401,180.2133331298828,56.817989349365234,3.1717654072863835,12.693191852420568,3.2055375650525093,10.869351513683796,2.3580965995788574,3.647680677473545,1.6948819309473038,1.1646280098939314,1.2177234889018056,3.3200035004089727,1.0467367771847336,-0.2841865745589946,Very_Coarse_Sand
43,364.5,21.542883141677365,32.50629806518555,17.979677200317383,1.807946700211711,18.69896912947297,3.426609121263027,18.385784424841404,3.223960194736719,0.626369409263134,0.4052978530526161,0.12370884732808918,0.3968765584493288,0.5988514916594596,0.3312329349030776,1.333237742949329,Medium_Sand
44,1990.5,50.34265898614555,120.0671615600586,55.77248764038086,2.152802692507597,20.596499986946583,2.58837947063148,20.099088985472918,1.363274596631527,0.9948220029473305,2.4502097479999065,0.6755623061908409,0.9274441638202174,2.211952854655152,1.027475886365906,0.10866766706712268,Coarse_Sand
45,2072.0,51.36294711843604,64.87462615966797,62.34439468383789,1.0405847468511233,2.394941858947277,3.739793825894594,1.6948819309473038,3.0581565275788307,1.4001198559999466,1.363274596631527,0.7032228577882051,0.9462405542525992,1.1951612136411143,1.148547696146565,0.07972110126952046,Coarse_Sand
46,4533.5,75.97520303399564,134.7395477294922,69.60128784179688,1.935877221636387,12.168146906420588,3.65689199231565,10.721970476210117,2.8923528604209423,2.8923528604209423,1.5290782637894154,1.538639394682832,1.3996630306779563,2.482256791638349,1.2822387514535194,-0.4850795396810942,Very_Coarse_Sand
47,2878.0,60.5341507725003,95.17335510253906,47.81414794921875,1.9904852263313024,1.1882596146315336,3.527933584526181,0.2947620749473572,2.8923528604209423,1.786995079368353,1.2711614482104778,0.9767738343216479,1.115198242929897,1.7533434768578786,0.8808623413344776,-0.15730019325735153,Very_Coarse_Sand
48,2342.0,54.60702348388668,92.58293151855469,44.20627212524414,2.0943392660718136,20.34779448620975,4.0161332711577415,19.454296946525574,3.463454380631447,1.786995079368353,1.1053577810525894,0.7948590409941971,1.0060049718005937,1.7056210624448909,0.81439578108278,-0.008637435137810167,Very_Coarse_Sand
49,3316.0,64.97739861168498,130.70103454589844,55.448604583740234,2.3571564248927057,3.7858504001051188,2.8647189158946276,2.8555076010525227,1.6948819309473038,1.8606855981051922,2.3396739698946476,1.1254280870780349,1.1970545524663618,2.407856758782202,1.0215091087524257,-0.25948890063507796,Very_Coarse_Sand
50,389.5,22.269414062214253,57.248321533203125,13.132845878601074,4.359171048103496,3.242382824420929,4.034555900841951,2.6528586745262146,3.9055974930524826,1.1790482997894287,0.25791681557893753,0.13219367910642177,0.41026116855250794,1.0546646276487763,0.2419415563212688,1.285385486081963,Medium_Sand
51,2193.0,52.8414072636622,87.2596206665039,44.67753219604492,1.9530984899436448,17.79626027494669,4.089823789894581,16.930396679788828,3.573990158736706,1.7317271903157234,1.0316672623157501,0.7442894435953349,0.9734776780109639,1.6075516779236239,0.8230776308520973,0.03878019677600051,Coarse_Sand
52,1004.5,35.76267778965203,61.519996643066406,26.045543670654297,2.3620162213154887,26.675967782735825,4.062189845368266,26.381205707788467,3.4081864915788174,0.5895241498947144,1.3080067075788975,0.3409205408534035,0.6588425694344748,1.1333601163290439,0.47982740596837914,0.6019943207461517,Coarse_Sand
53,3394.5,65.74200814246177,101.57059478759766,77.22071838378906,1.3153282812365077,5.112279737368226,4.891208181157708,3.9424427524209023,4.071401160210371,2.3396739698946476,1.6396140418946743,1.1520704588619992,1.2111406707048802,1.8711974545768442,1.4226086987331996,-0.27636643988122694,Very_Coarse_Sand
54,416.5,23.028336248678393,36.41442108154297,16.334718704223633,2.2292652687142613,16.681691179051995,4.4398537538945675,16.340872529894114,4.255627457052469,0.6816372983157635,0.36845259368419647,0.14135729742702097,0.42424251095286764,0.6708493947501495,0.3009284736836477,1.2370389024300237,Medium_Sand
55,769.0,31.29091257699814,54.579307556152344,34.24366760253906,1.5938511081711777,26.187768096104264,4.403008494526148,25.828526817262173,3.9424427524209023,0.7184825576841831,0.9211314842104912,0.2609934255015105,0.5764608948870205,1.0054943715275897,0.6308584072707504,0.7947053511318839,Coarse_Sand
56,140.5,13.374982468597496,22.21575164794922,11.033605575561523,2.0134625527266605,16.884340105578303,4.605657421052456,16.67247986420989,4.476699013262987,0.42372048273682594,0.25791681557893753,0.04768475459422916,0.24640234905177022,0.4092725657665426,0.20326802960020274,2.020912085002334,Fine_Sand
57,384.0,22.111625566165472,41.77482604980469,20.822677612304688,2.0062177798458927,16.921185364946723,4.9648986998945475,16.70932512357831,4.605657421052456,0.42372048273682594,0.7184825576841831,0.1303270161151886,0.40735428952137287,0.7696021504378336,0.38360847868517567,1.2956439947522194,Medium_Sand
58,406.5,22.750206041591,35.56704330444336,20.54507064819336,1.7311716232803982,16.432985678315163,4.900419495999813,16.175068862736225,4.587234791368246,0.5158336311578751,0.626369409263134,0.13796336471568793,0.419118621143704,0.6552384677600145,0.37849422838759494,1.2545694740752835,Medium_Sand
59,301.5,19.5928998042059,26.860416412353516,16.539810180664062,1.6239857724458533,16.63563460484147,5.029377903789282,16.469830937683582,4.771461088210344,0.3316073343157768,0.5158336311578751,0.10232707124669105,0.36095273753271245,0.4948395047284606,0.3047067980054976,1.470118149162755,Medium_Sand
60,698.0,29.811427376513585,45.66400146484375,29.71634292602539,1.5366628921505512,26.12328889220953,4.9648986998945475,25.754836298525333,4.605657421052456,0.7369051873683929,0.7184825576841831,0.23689650325104594,0.5492048869152245,0.8412509888860313,0.547453181295154,0.8645836320079714,Coarse_Sand
61,2687.0,58.49097927632416,84.4832992553711,49.5765266418457,1.7040987938848842,4.2279935125261545,5.084645792841911,3.426609121263027,4.421431124210358,1.6027687825262547,1.3264293372631073,0.9119497195351869,1.077557651074511,1.5564045366819812,0.9133299913520858,-0.10776505789378561,Very_Coarse_Sand
62,3843.0,69.95040793603158,105.28951263427734,85.26333618164062,1.2348744178854787,20.587288672104478,4.9648986998945475,19.564832724630833,3.9977106414735317,2.0449118949472904,1.9343761168420315,1.304288340965286,1.2886704616649218,1.939709700892223,1.570774868114654,-0.3658833854186039,Very_Coarse_Sand
63,1038.5,36.36288309811897,62.567806243896484,28.290761947631836,2.2115984843290484,2.9660433791577816,5.093857107684016,2.394941858947277,4.679347939789295,1.142203040421009,0.8290183357894421,0.35245991207193583,0.6698999295668582,1.1526635245846961,0.521190230845356,0.5779824946904738,Coarse_Sand
64,3007.5,61.88107894010093,85.07893371582031,67.39293670654297,1.262431018346768,22.116366935893893,5.646535998210311,21.333405174314976,4.881996866315603,1.565923523157835,1.5290782637894154,1.0207252629334107,1.1400122017728347,1.5673776897739913,1.2415551162760323,-0.18904926591892207,Very_Coarse_Sand
65,1236.0,39.67019129387532,91.82877349853516,44.083831787109375,2.083048813496901,25.5061307977885,5.664958627894521,25.01793111115694,4.771461088210344,0.9763993732631207,1.786995079368353,0.4194900831207633,0.7308292437088296,1.6917274885186941,0.8121401080749138,0.45239373116061,Coarse_Sand
66,1821.5,48.15813358857566,104.62982940673828,33.01504135131836,3.1691563943039007,4.16351430863142,5.5820567943155766,3.15026967599988,5.0662231631577015,2.0264892652630806,1.0316672623157501,0.6182048433693126,0.8871994613850361,1.9275566010823866,0.6082238808242124,0.17266960524140626,Coarse_Sand
67,1127.0,37.88061465864207,68.00366973876953,35.33864974975586,1.9243426169456104,16.497464882209897,5.72022651694715,16.175068862736225,5.084645792841911,0.6447920389473438,1.2711614482104778,0.3824962165672332,0.6978605360664131,1.2528064247646569,0.6510308578797463,0.518989345026687,Coarse_Sand
68,556.0,26.60678836073137,59.75351333618164,23.262128829956055,2.568703568489975,16.773804327473044,5.8952414989471436,16.525098826736212,5.2688720896840096,0.49741100147366524,1.252738818526268,0.18870265875011683,0.4901670090558982,1.1008168485229675,0.42854958510066155,1.0286547087510438,Medium_Sand
69,357.0,21.320096563347295,29.539705276489258,23.3375244140625,1.2657600160319278,25.349538445472717,5.664958627894521,25.05477637052536,5.434675756841898,0.5895241498947144,0.4605657421052456,0.1211633977945894,0.39277224381814174,0.5441990512894606,0.4299385700264793,1.3482351130982475,Medium_Sand
70,925.5,34.327586554437424,46.62373733520508,36.881752014160156,1.2641410667612711,5.932086758315563,5.941298073157668,5.545211534947157,5.526788905262947,0.7737504467368126,0.8290183357894421,0.3141084724338725,0.632404415045061,0.8589318474203509,0.6794588594617323,0.6610806551775104,Coarse_Sand
71,611.5,27.90315361398335,45.39274215698242,21.153133392333984,2.1459110248618303,6.493976963683963,5.73864914663136,6.171580944210291,5.342562608420849,0.6447920389473438,0.7921730764210224,0.20753898529801518,0.5140494660520363,0.836253679108907,0.3896963431476621,0.9600209008491041,Coarse_Sand
72,2919.0,60.96381083136077,96.7347412109375,47.615360260009766,2.0315868804248267,15.778982324525714,5.664958627894521,15.235514748841524,4.7530384585261345,1.0869351513683796,1.8238403387367725,0.9906889584381133,1.1231137110843792,1.7821083149269725,0.8772001493504007,-0.16750400263833645,Very_Coarse_Sand
73,3131.5,63.14388041875604,110.36921691894531,72.60633087158203,1.5201045913496725,25.156100833788514,6.153158314526081,23.94941858947277,5.434675756841898,2.413364488631487,1.4369651153683662,1.0628100285539404,1.1632763257787704,2.033291211833955,1.3375995463763672,-0.2181938366895878,Very_Coarse_Sand
74,2805.5,59.766826440379944,79.0263442993164,62.49262619018555,1.2645707040509602,14.903907414525747,5.9044528137892485,14.111734338104725,5.17675894126296,1.5843461528420448,1.455387745052576,0.9521678221644834,1.1010621109115601,1.4558730763231722,1.1512785102955405,-0.13889585362224294,Very_Coarse_Sand
75,4922.0,79.16365983951519,118.34075164794922,69.31436157226562,1.7073049359990102,20.02539846673608,5.397830497473478,19.067421723157167,4.366163235157728,1.9159534871578217,2.0633345246315002,1.6704936805181205,1.4584027896701417,2.180147844161212,1.2769528150432734,-0.5443892261162825,Very_Coarse_Sand
76,4603.0,76.55535007049446,130.22886657714844,71.36676025390625,1.8247832200008038,23.85730544105172,6.484765648841858,22.82563817873597,5.324139978736639,2.0633345246315002,2.3212513402104378,1.5622272270265967,1.4103508646937657,2.3991581831451754,1.314763395919499,-0.4960541184991458,Very_Coarse_Sand
77,288.5,19.165844845873465,30.692424774169922,22.19236946105957,1.3830170242986086,3.5095109548419714,6.26369409263134,3.2055375650525093,6.0057772770524025,0.6079467795789242,0.5158336311578751,0.0979149587219581,0.35308526218054836,0.5654351757249998,0.4088418043962676,1.5019114907900561,Medium_Sand
78,984.0,35.39587139793849,54.20295333862305,30.989177703857422,1.7490929851899897,23.507275477051735,6.355807241052389,22.99144184589386,5.932086758315563,1.0316672623157501,0.8474409654736519,0.3339629787951708,0.6520850311141352,0.9985609371479569,0.570902145056337,0.6168679924431774,Coarse_Sand
79,829.0,32.48869930584249,51.7413215637207,31.159400939941406,1.660536467419582,4.034555900841951,6.134735684841871,3.5187222696840763,5.821550980210304,1.0316672623157501,0.626369409263134,0.2813570217695087,0.5985272762331809,0.9532112065400469,0.57403810469836,0.740511099364922,Coarse_Sand
80,1371.0,41.780514786583325,79.90518188476562,28.34315299987793,2.819205819659858,2.6528586745262146,6.254482777789235,1.8975308574736118,5.839973609894514,1.5106556341052055,0.8290183357894421,0.4653081747237593,0.7697069519288774,1.4720635757124683,0.5221554117996519,0.37761881722318463,Coarse_Sand
81,3648.0,68.15260713423864,107.91321563720703,60.20952224731445,1.792294833264855,4.14509167894721,6.705837205052376,3.039733897894621,5.987354647368193,2.210715562105179,1.4369651153683662,1.2381066530942917,1.255550243247515,1.988045209716546,1.109217731825467,-0.32831976196957374,Very_Coarse_Sand
82,3007.5,61.88107894010093,100.99835205078125,61.65665054321289,1.638077176767739,15.548699453473091,6.834795612841845,14.480186931788921,6.171580944210291,2.1370250433683395,1.3264293372631073,1.0207252629334107,1.1400122017728347,1.8606552385469968,1.1358776405263455,-0.18904926591892207,Very_Coarse_Sand
83,3501.5,66.77011506572512,122.97466278076172,52.87189865112305,2.3258983679064382,5.471521016210318,6.797950353473425,4.347740605473518,6.097890425473452,2.2475608214735985,1.4001198559999466,1.1883855388732627,1.2300811038279331,2.265516672950554,0.9740394095507128,-0.29875344095710205,Very_Coarse_Sand
84,193.0,15.67594437773643,31.39400291442871,16.706369400024414,1.8791636987497016,2.8923528604209423,6.604512741789222,2.6344360448420048,6.466343019157648,0.5158336311578751,0.27633944526314735,0.0655029013287276,0.28879211822130924,0.5783600899975241,0.30777525682426443,1.7918967264787573,Medium_Sand
85,2392.5,55.19262279307694,145.283935546875,33.90896224975586,4.284529101090996,3.4818770103156567,7.1571916323155165,2.210715562105179,6.6321466863155365,2.5423228964209557,1.05008989199996,0.811998401186429,1.016793251017135,2.676512143644686,0.6246922545031026,-0.02402635957389634,Very_Coarse_Sand
86,6826.0,93.22624701425141,130.6063995361328,107.68455505371094,1.2128610223721397,22.63220056705177,7.092712428420782,21.314982544630766,5.821550980210304,2.6344360448420048,2.5423228964209557,2.3166984687559307,1.7174726255922255,2.4061133330421285,1.983832680463422,-0.7802871044366352,Very_Coarse_Sand
87,3109.5,62.92168437314746,83.46414184570312,65.89227294921875,1.266675713403095,1.6304027270525694,7.138769002631307,0.9211314842104912,6.355807241052389,1.4185424856841564,1.565923523157835,1.0553433765890077,1.1591828903132277,1.5376289771337497,1.2139089435943333,-0.21310820580248813,Very_Coarse_Sand
88,9572.5,110.39966278017947,229.13412475585938,92.84732055664062,2.467859313356041,5.545211534947157,7.221670836210251,3.3713412322103977,5.876818869262934,4.347740605473518,2.6897039338946342,3.248842087923549,2.033852104660889,4.221253128392732,1.7104918037861125,-1.024214774755964,Very_Fine_Gravel
89,776.0,31.433006326383836,47.85239791870117,31.268308639526367,1.530380119704038,2.3765192292630672,7.424319762736559,1.8422629684209824,7.074289798736572,1.0685125216841698,0.7000599279999733,0.2633691783994436,0.579078635412394,0.8815670063576846,0.5760444709175729,0.7881688240192336,Coarse_Sand
91,5096.5,80.5547350547611,122.09564971923828,63.65939712524414,1.9179517122825727,3.0857904721051455,8.013843912631273,1.879108227789402,7.2585160955786705,2.413364488631487,1.5106556341052055,1.729717806330882,1.4840300532234993,2.249322940830524,1.1727734991584242,-0.5695203083990684,Very_Coarse_Sand
92,2155.5,52.387668765432224,69.9029541015625,56.14947509765625,1.244944035184406,8.88891882263124,8.032266542315483,8.234915468841791,7.387474503368139,1.3080067075788975,1.2895840778946877,0.731562195927836,0.9651186216846035,1.2877962372454022,1.0344209866868823,0.05122182152355117,Coarse_Sand
93,2047.0,51.052143422905154,102.99459075927734,39.39317321777344,2.614528923321368,9.911374770104885,7.866462875157595,9.192892212420702,7.000599279999733,1.4369651153683662,1.7317271903157234,0.6947380260098726,0.9405147328653498,1.8974312050349056,0.7257258422769723,0.08847755160109212,Coarse_Sand
94,360.0,21.409489393833255,40.13385772705078,15.96582317352295,2.5137355769796503,12.5642334446311,7.9954212829470634,12.343161888420582,7.5717008002102375,0.44214311242103577,0.8474409654736519,0.12218157760798931,0.3944190948306079,0.7393711987042195,0.294132447929389,1.34219869694796,Medium_Sand
95,4427.5,75.0817426829914,132.25567626953125,57.32015609741211,2.307315354214507,6.972965335473418,8.161224950104952,5.637324683368206,7.479587651789188,2.6712813042104244,1.363274596631527,1.5026637079427019,1.3832031414938812,2.436497347548311,1.055988009223725,-0.46801305070684096,Very_Coarse_Sand
96,4802.5,78.19675769231496,130.8923797607422,59.63671112060547,2.194828945144775,20.4399076346308,8.30860598757863,19.251648019999266,7.3137839846313,2.3765192292630672,1.989644005894661,1.6299361846176907,1.4405899094714045,2.411381840817114,1.0986650445591124,-0.5266597041636474,Very_Coarse_Sand
97,5984.5,87.29090476944079,132.67141723632812,76.2482681274414,1.7399925335298243,1.4277538005262613,8.409930450841784,0.018422629684209824,7.553278170526028,2.818662341684103,1.7133045606315136,2.0310990310972556,1.6081280133670326,2.4441563894241654,1.4046936077741918,-0.6853822553344977,Very_Coarse_Sand
98,881.5,33.501651581437685,50.19960403442383,29.75655174255371,1.6870101236439734,8.133591005578637,8.483620969578624,7.626968689262867,8.161224950104952,1.0132446326315403,0.6447920389473438,0.29917516850400716,0.6171885208942489,0.9248087154201556,0.5481939334320955,0.6962168654527063,Coarse_Sand
99,999.5,35.67356058711823,45.49867630004883,30.978347778320312,1.4687250793888476,21.388673063367605,8.465198339894414,21.02022046968341,8.032266542315483,0.7369051873683929,0.8658635951578617,0.339223574497737,0.657200796213702,0.8382052645975335,0.5707026293486592,0.6055938667404835,Coarse_Sand
100,1683.5,46.297934873616626,78.04447174072266,46.293643951416016,1.685857173451896,4.20035956799984,8.677058581262827,3.5002996399998665,8.050689171999693,1.4001198559999466,1.252738818526268,0.5713685719529167,0.8529297093203029,1.437784401779112,0.8528506592495972,0.2295012421989743,Coarse_Sand
101,962.5,35.00704303147574,70.26457977294922,43.05266189575195,1.6320612170993842,4.578023476526141,8.981031971052289,3.960865382105112,8.492832284420729,1.2343161888420582,0.9763993732631207,0.32666602346580476,0.6449217901080756,1.2944583330736634,0.7931432470249291,0.6328038798779844,Coarse_Sand
102,2641.5,57.99363980142937,78.32024383544922,58.2507438659668,1.3445363721991557,16.119800973683596,8.38229650631547,15.401318415999413,7.755927097052336,1.4369651153683662,1.252738818526268,0.8965073256986216,1.068395350101185,1.4428648489574982,1.0731318830724632,-0.09544560216338482,Very_Coarse_Sand
103,1118.0,37.72905791315113,66.87389373779297,32.179222106933594,2.0781699916662615,17.427807681262493,8.723115155473351,16.76459301263094,8.38229650631547,1.3264293372631073,0.6816372983157635,0.37944167712703347,0.6950684622680896,1.2319929798725582,0.5928258924019758,0.5247730086912022,Coarse_Sand
104,684.5,29.521728749706018,37.265052795410156,34.50867462158203,1.0798749359126143,16.65405723452568,9.146835638210177,16.285604640841484,8.769171729683876,0.7369051873683929,0.7553278170526028,0.23231469409074634,0.5438678763935246,0.6865202678123694,0.6357405334462953,0.8786718794838477,Coarse_Sand
105,1974.0,50.1335702030806,96.8970947265625,39.28486633300781,2.4665247402190578,20.918896006420255,9.100779063999653,19.85959479957819,8.658635951578617,2.1186024136841297,0.8842862248420715,0.6699623172171414,0.9235921985986898,1.7850992936232615,0.7237305446466848,0.11467210788459863,Coarse_Sand
106,3468.0,66.44994161879711,89.0799789428711,68.37394714355469,1.3028351099263438,18.183135498315096,9.598190065473318,17.372539792209864,8.695481210947037,1.6211914122104645,1.8054177090525627,1.177015864290297,1.2241826669804614,1.641087464341723,1.259627908273444,-0.29181884649812007,Very_Coarse_Sand
107,519.0,25.70625067405882,41.89445877075195,17.134204864501953,2.4450774986090793,27.77211424894631,9.238948786631227,27.412872970104218,9.008665915578604,0.7184825576841831,0.4605657421052456,0.1761451077181846,0.47357673673765477,0.7718060997539595,0.31565711115210604,1.078329880933857,Medium_Sand
108,470.5,24.47568601281472,43.99797058105469,16.766401290893555,2.6241749685993496,16.29481595568359,9.303427990525961,15.935574676841497,9.008665915578604,0.7184825576841831,0.5895241498947144,0.15968453406821936,0.45090649968107965,0.8105583188715286,0.3088812021189895,1.149099788748529,Medium_Sand
109,386.5,22.18348674217244,38.72795486450195,18.005741119384766,2.1508670266733927,16.16585754789412,9.423175083473325,15.843461528420448,9.119201693683863,0.6447920389473438,0.6079467795789242,0.13117549929302186,0.4086781613556211,0.7134707708955119,0.3317131008321752,1.2909629431503737,Medium_Sand
110,2049.5,51.08330888788153,56.2669563293457,51.87112045288086,1.0847453426508875,1.1790482997894287,9.607401380315423,0.626369409263134,9.063933804631233,1.1053577810525894,1.0869351513683796,0.6955865091877058,0.9410888826855458,1.036585299913142,0.9556024434084662,0.08759710779540801,Coarse_Sand
111,2053.0,51.1269086229677,79.41236114501953,46.68263626098633,1.7011113232991542,5.1675476264208555,9.727148473262787,4.366163235157728,9.156046953052282,1.6027687825262547,1.142203040421009,0.6967743856366724,0.9418921044593679,1.4629845217234276,0.8600169205188166,0.08636628905849654,Coarse_Sand
112,2909.5,60.864525426614115,123.25553131103516,56.001190185546875,2.200944853183597,1.0961464662104845,10.077178437262774,0.018422629684209824,9.192892212420702,2.1554476730525494,1.768572449684143,0.987464722362347,1.1212846128396847,2.2706910098737296,1.0316891886633357,-0.16515252026286406,Very_Coarse_Sand
113,580.5,27.186679747971468,44.10820770263672,30.12798500061035,1.464027803443979,23.175668142735958,9.90216345526278,22.715102400630713,9.635035324841738,0.9211314842104912,0.5342562608420849,0.19701779389288276,0.5008501333400852,0.8125891765398876,0.5550367107976726,0.9975491166800142,Coarse_Sand
114,1867.0,48.75590456570926,75.87086486816406,48.73154830932617,1.5569147195276782,8.474409654736519,9.635035324841738,7.755927097052336,9.045511174947023,1.4369651153683662,1.1790482997894287,0.6336472372058779,0.8982119747327366,1.3977408472869115,0.8977632684408974,0.15487213899969646,Coarse_Sand
115,688.0,29.597108081327676,43.1702766418457,32.33537673950195,1.3350788206251973,16.20270280726254,10.067967122420669,15.806616269052029,9.708725843578577,0.7921730764210224,0.7184825576841831,0.2335025705397129,0.5452565619058337,0.7953100199376166,0.5957026713712565,0.8749928677617483,Coarse_Sand
116,2363.0,54.851299384875006,85.41706848144531,53.39631652832031,1.5996809149961093,17.077777717262506,9.95743134431541,16.414563048630953,9.174469582736492,1.3264293372631073,1.565923523157835,0.8019862996879965,1.0105051762652784,1.5736070213444577,0.9837005659020974,-0.015076711874125978,Very_Coarse_Sand
117,3743.5,69.03891826872783,102.12771606445312,66.66081237792969,1.5320502769370083,0.6171580944210291,9.773205047473311,0.018422629684209824,8.806016989052296,1.1974709294736385,1.9343761168420315,1.2705187104875222,1.2718784250632011,1.8814610935495466,1.228067460887189,-0.34696077444230816,Very_Coarse_Sand
118,159.5,14.250673927406327,29.235708236694336,12.133370399475098,2.4095290322595857,7.065078483894467,10.35351788252592,6.779527723789215,10.224559474736452,0.5711015202105045,0.25791681557893753,0.05413322674576193,0.26253488851503076,0.5385986264002227,0.22352858969088274,1.9294189382303628,Medium_Sand
119,131.0,12.914889870235298,20.725765228271484,10.914579391479492,1.8989064520847345,7.369051873683929,10.436419716104865,7.184825576841831,10.279827363789082,0.36845259368419647,0.313184704631567,0.04446051851846278,0.23792623349169756,0.38182309772231804,0.20107525428813489,2.0714137443440723,Fine_Sand
120,5075.5,80.38860186185177,106.92124938964844,79.95292663574219,1.3373025089722022,8.677058581262827,10.721970476210117,7.829617615789175,9.745571102946997,1.6948819309473038,1.9527987465262413,1.7225905476370826,1.4809694429322755,1.9697705828785388,1.4729431595790743,-0.5665418735876867,Very_Coarse_Sand
121,2492.5,56.33426635052944,94.34711456298828,59.495784759521484,1.5857781344398407,6.659780630841851,11.118057014420629,5.766283091157675,10.46405366063118,1.786995079368353,1.3080067075788975,0.8459377282997593,1.0378253275074463,1.7381219533676528,1.096068810396119,-0.05356364952998182,Very_Coarse_Sand
122,4046.0,71.77414017596078,118.93531036376953,73.85935974121094,1.610294359177985,6.862429557368159,11.256226737052202,5.729437831789255,10.44563103094697,2.2659834511578083,1.6211914122104645,1.3731851750053465,1.322268405364292,2.191101179208289,1.3606836332251646,-0.40301505716634384,Very_Coarse_Sand
123,675.0,29.316150714175198,56.42434310913086,31.82658576965332,1.7728682403291756,1.8422629684209824,11.062789125367999,1.2895840778946877,10.721970476210117,1.1053577810525894,0.6816372983157635,0.22909045801497996,0.540080588373733,1.0394847782743142,0.5863294037470652,0.8887533991437009,Coarse_Sand
124,6205.5,88.88806441167482,134.23028564453125,70.65464782714844,1.8998082896530188,1.142203040421009,11.47729829326272,0.018422629684209824,10.777238365262747,2.2475608214735985,1.4001198559999466,2.1061049440177158,1.6375518940024754,2.472874844834905,1.301644412387816,-0.7115406263653489,Very_Coarse_Sand
125,15223.0,139.2211391617788,228.67286682128906,118.86422729492188,1.9238157015391497,18.606855981051922,11.633890645578504,16.267182011157274,10.114023696631193,4.679347939789295,3.039733897894621,5.166583766462281,2.564819490991293,4.21275554427524,2.1897916421540913,-1.358857294208356,Very_Fine_Gravel
126,6853.0,93.41044160087282,146.53675842285156,68.15998077392578,2.1498943626302838,9.054722489789128,11.606256701052189,7.921730764210224,10.37194051221013,2.2659834511578083,2.4686323776841164,2.32586208707653,1.7208659742513877,2.699592435548709,1.255686085080896,-0.7831347407178522,Very_Coarse_Sand
127,197.5,15.85764200898717,22.10202407836914,12.499710083007812,1.7682029368356933,7.6822365783154964,12.149724276736379,7.479587651789188,11.993131924420595,0.4052978530526161,0.313184704631567,0.06703017104882747,0.29213946639633975,0.4071774048672836,0.23027753001923656,1.7752708235805648,Medium_Sand
128,2210.5,53.05182384835678,86.50595092773438,56.0262565612793,1.5440251809991552,20.96495258063078,12.085245072841644,19.98855320736766,11.4404530338943,1.9527987465262413,1.2895840778946877,0.7502288258401677,0.9773541048302083,1.5936670994220776,1.0321509772209794,0.03304673563576415,Coarse_Sand
129,3109.0,62.91662534323993,127.98442077636719,81.5860824584961,1.5687040843206872,13.116912335157394,12.481331611052155,11.937864035367966,11.274649366736412,2.3580965995788574,2.413364488631487,1.055173679953441,1.15908968967868,2.3578095893111026,1.5030301845182805,-0.2129922055577346,Very_Coarse_Sand
130,559.5,26.69040136976819,83.61004638671875,13.326894760131836,6.273783044857754,4.578023476526141,12.720825796946883,3.887174863368273,12.343161888420582,1.3816972263157368,0.7553278170526028,0.1898905351990834,0.491707380558166,1.5403169224621251,0.24551644700634512,1.0241280846246004,Medium_Sand
131,1413.0,42.41565131777166,56.48634719848633,38.23555374145508,1.477325203145775,1.8975308574736118,13.153757594525814,1.4738103747367859,12.5642334446311,0.8474409654736519,1.1790482997894287,0.47956269211135805,0.7814078370418738,1.0406270566514166,0.7043994473495303,0.3558523699458277,Coarse_Sand
132,1470.5,43.27006760490509,55.23792266845703,43.30402755737305,1.275583953369531,6.972965335473418,13.411674410104752,6.355807241052389,12.932686038315296,1.2343161888420582,0.9579767435789108,0.499077805201523,0.7971484318958904,1.0176277938460032,0.7977740635243009,0.3270797106692654,Coarse_Sand
133,568.0,26.89237924411993,39.789283752441406,28.239200592041016,1.4090088571294643,2.2567721363157034,13.162968909367919,1.9527987465262413,12.803727630525827,0.6079467795789242,0.7184825576841831,0.19277537800371647,0.49542834414175196,0.7330232399711747,0.5202403350852904,1.0132516853604563,Medium_Sand
134,7074.5,94.90802473568243,156.51495361328125,73.77031707763672,2.1216521741198853,8.85207356326282,12.868206834420562,7.479587651789188,12.029977183789015,2.7449718229472637,1.676459301263094,2.4010376966325566,1.7484553937653033,2.8834170304587587,1.359043233208041,-0.8060809907657034,Very_Coarse_Sand
135,682.0,29.467768315727287,38.382389068603516,33.895172119140625,1.13238513537239,0.2947620749473572,13.65116859599948,0.018422629684209824,13.264293372631073,0.5526788905262947,0.7737504467368126,0.23146621091291308,0.5428737833007352,0.7071045402061458,0.6244382040334813,0.8813112806007113,Coarse_Sand
136,934.0,34.484862400517734,55.08293914794922,42.964820861816406,1.2820474528476946,3.9240201227366924,13.59590070694685,3.426609121263027,13.098489705473185,0.9948220029473305,0.9948220029473305,0.3169933152385056,0.6353018497156693,1.0147725898405326,0.7915249841856564,0.6544858752579665,Coarse_Sand
137,1320.0,40.99605101775554,79.53329467773438,43.54195785522461,1.8265897675566087,0.7461165022104979,14.194636171683669,0.2947620749473572,13.356406521052122,0.9027088545262814,1.676459301263094,0.4479991178959608,0.7552550664150836,1.4652124354130365,0.802157365292274,0.40496413798988945,Coarse_Sand
138,5170.0,81.13352233374803,176.4080810546875,61.25593948364258,2.879852672928059,7.626968689262867,14.295960634946823,5.8952414989471436,13.48536492884159,3.463454380631447,1.6211914122104645,1.7546632117591798,1.4946928369302073,3.2499007505725785,1.1284954890655143,-0.579849037488351,Very_Coarse_Sand
139,1163.5,38.489144057764676,53.40770721435547,30.65651512145996,1.7421323657550813,1.6027687825262547,14.15779091231525,1.1237804107367992,13.761704374104738,0.9579767435789108,0.7921730764210224,0.3948840709635988,0.7090712478384037,0.9839104122927722,0.5647736254910356,0.49599749741012306,Coarse_Sand
140,246.5,17.715912276177527,28.05514907836914,16.193710327148438,1.7324719605077308,25.174523463472724,14.019621189683676,24.9442405924201,13.780127003788948,0.4605657421052456,0.4789883717894554,0.08366044133435935,0.3263736913819653,0.5168496222060952,0.29833072857042,1.6154033269238417,Medium_Sand
141,210.0,16.351767622932517,31.14861297607422,20.055437088012695,1.5531256107448292,2.072545839473605,14.342017209157348,1.879108227789402,14.148579597473145,0.3868752233684063,0.3868752233684063,0.07127258693799376,0.3012425595995377,0.5738393620349882,0.3694738906274253,1.7310024862797362,Medium_Sand
142,615.0,27.982893345973448,43.655372619628906,22.222354888916016,1.9644800399350644,1.6948819309473038,14.55387745052576,1.252738818526268,14.277538005262613,0.8842862248420715,0.5526788905262947,0.20872686174698174,0.515518481605608,0.8042467634976163,0.4093942148295895,0.9559039449994964,Coarse_Sand
143,2055.0,51.151806072031896,85.18985748291016,55.29843521118164,1.5405473438366717,4.789883717894554,14.719681117683649,3.9424427524209023,14.038043819367886,1.6948819309473038,1.363274596631527,0.697453172178939,0.9423507809435591,1.569421197258265,1.0187425940118686,0.08566390582827493,Coarse_Sand
144,6384.5,90.16095537072378,152.73780822753906,91.98711395263672,1.6604261364932298,2.5699568409472704,15.475008934736252,1.3448519669473171,14.130156967788935,2.4502097479999065,2.6897039338946342,2.166856339550577,1.661001892769413,2.8138320797538086,1.6946445360686369,-0.7320537173023902,Very_Coarse_Sand
145,2079.0,51.44963569846149,86.50042724609375,41.5989990234375,2.079387227499347,0.9671880584210157,15.548699453473091,0.018422629684209824,15.032865822315216,1.8975308574736118,1.0316672623157501,0.7055986106861383,0.9478375858602581,1.593565338680719,0.7663629542425952,0.07728822368361248,Coarse_Sand
146,2135.5,52.14406052257476,75.57898712158203,64.95439147949219,1.1635700897212518,5.3794078677892685,16.03689914010465,4.605657421052456,15.327627897262573,1.5475008934736252,1.4185424856841564,0.7247743305051699,0.9606307172384194,1.392363691648569,1.1966307005898784,0.05794615379172661,Coarse_Sand
147,2132.5,52.10742105638826,70.64447784423828,55.263587951660156,1.2783186988516202,22.770370289683342,16.119800973683596,22.217691399157047,15.419741045683622,1.1053577810525894,1.4001198559999466,0.72375615069177,0.9599557219210384,1.3014570545587674,1.0181006158541948,0.058960232009971074,Coarse_Sand
148,903.0,33.90774703361832,59.19791793823242,22.763702392578125,2.600539970050448,1.7317271903157234,15.981631251052022,1.1790482997894287,15.62238997220993,1.1053577810525894,0.7184825576841831,0.3064721238333732,0.6246698670262145,1.0905813202522978,0.41936725942002795,0.6788341563723681,Coarse_Sand
149,1315.5,40.92611172710042,51.34340286254883,37.88792037963867,1.3551391142106934,4.835940292105079,16.377717789262533,4.421431124210358,15.861884158104658,0.8290183357894421,1.0316672623157501,0.44647184817586094,0.753966600762968,0.9458804976639357,0.6979951266589097,0.40742747852985284,Coarse_Sand
150,260.5,18.212053739309848,25.520280838012695,17.75343894958496,1.4374837973917898,15.60396734252572,16.25797069631517,15.401318415999413,16.046110454946756,0.4052978530526161,0.42372048273682594,0.0884119471302256,0.33551392182823414,0.47015068331574383,0.32706503138943077,1.5755554639735434,Medium_Sand
151,3464.5,66.41640160935378,131.4308319091797,64.35787200927734,2.0421873471862715,23.783614922314882,16.414563048630953,22.95459658652544,15.253937378525734,1.6580366715788841,2.3212513402104378,1.1758279878413305,1.223564771806882,2.4213015453504454,1.1856412432906893,-0.2910904753373366,Very_Coarse_Sand
152,1122.0,37.796491493164446,63.74728012084961,31.032913208007812,2.0541829152024342,4.108246419578791,16.525098826736212,3.6108354181051254,16.027687825262547,0.9948220029473305,0.9948220029473305,0.3807992502115667,0.6963107661409554,1.1743925350420028,0.5717078680533518,0.522196764808401,Coarse_Sand
153,423.0,23.207333483685147,33.8336181640625,20.08473777770996,1.6845436837921302,15.963208621367812,16.23954806663096,15.73292575031519,15.935574676841497,0.4605657421052456,0.6079467795789242,0.14356335368938744,0.42754011072789455,0.6233042183134785,0.37001368638320997,1.2258683185528227,Medium_Sand
154,220.5,16.755575776860173,27.792156219482422,14.413945198059082,1.9281436024347305,15.15261291526258,16.442196993157268,15.014443192631006,16.193491492420435,0.27633944526314735,0.49741100147366524,0.07483621628489345,0.3086817676828113,0.5120046021572335,0.2655427746723369,1.6958078223340372,Medium_Sand
155,249.5,17.823390990813817,32.613563537597656,13.486237525939941,2.4182848236854415,15.419741045683622,16.469830937683582,15.290782637894154,16.175068862736225,0.25791681557893753,0.5895241498947144,0.08467862114775926,0.32835373194064454,0.6008276037356097,0.24845195977368562,1.606677242444167,Medium_Sand
156,401.5,22.60985796530283,42.080535888671875,20.95651626586914,2.007992900862363,14.811794266104698,16.33166121505201,14.480186931788921,16.046110454946756,0.6632146686315536,0.5711015202105045,0.1362663983600214,0.41653304050735585,0.7752341295901033,0.38607413863722684,1.2634971563541402,Medium_Sand
157,89.0,10.645107772184812,40.53691864013672,9.425281524658203,4.300870858242798,15.742137065157294,16.442196993157268,15.548699453473091,16.340872529894114,0.3868752233684063,0.20264892652630806,0.030206001130864024,0.19611087843546463,0.7467966406461812,0.17363847119820264,2.3502585296295986,Fine_Sand
158,400.0,22.56758334191025,32.378265380859375,24.60798454284668,1.3157625861022189,15.742137065157294,16.773804327473044,15.456586305052042,16.525098826736212,0.5711015202105045,0.49741100147366524,0.13575730845332146,0.4157542307755549,0.5964927929286432,0.45334378650762375,1.2661971502254352,Medium_Sand
159,896.5,33.78548877632338,81.35774993896484,24.504573822021484,3.3201046682089697,14.59072270989418,16.810649586841464,13.964353300631046,16.469830937683582,1.252738818526268,0.6816372983157635,0.3042660675710067,0.622417548426233,1.4988236990660937,0.45143868909248397,0.68404535867861,Coarse_Sand
160,8480.5,103.91202028219136,192.4447479248047,84.70762634277344,2.2718703879868842,21.858450120314956,17.2527926992625,19.97013057768345,16.322449900209904,3.776639085263014,1.8606855981051922,2.8782246358459815,1.9143326693969118,3.5453383256897837,1.560537231541332,-0.9368415606416779,Very_Coarse_Sand
161,952.0,34.815571898044055,50.1894645690918,31.71463966369629,1.5825330226451735,15.346050526946783,17.114622976630926,14.959175303578377,16.6909024938941,0.7737504467368126,0.8474409654736519,0.32310239411890507,0.6413943883216477,0.9246219198051477,0.5842670620924295,0.6407163634588257,Coarse_Sand
162,2223.5,53.20759464323335,82.71343231201172,50.1967658996582,1.647784091854709,3.0673678424209356,17.21594743989408,2.284406080842018,16.525098826736212,1.565923523157835,1.3816972263157368,0.7546409383649006,0.9802238124998343,1.523798933394147,0.9247564295143746,0.028816900437043456,Coarse_Sand
163,1925.0,49.507435033691536,68.08818054199219,48.75676727294922,1.3964867719966383,4.550389531999826,17.05014377273619,4.052978530526161,16.377717789262533,0.9948220029473305,1.3448519669473171,0.6533320469316095,0.912057142240775,1.254363335996743,0.8982278680687443,0.13280387987798445,Coarse_Sand
164,4011.5,71.46747815408843,144.73745727539062,58.53757095336914,2.4725565977223085,1.4093311708420515,17.114622976630926,0.11053577810525894,16.340872529894114,2.597590785473585,1.5475008934736252,1.3614761071512476,1.3166188844971265,2.6664445768186624,1.078415992287077,-0.3968377958471376,Very_Coarse_Sand
165,1007.5,35.81604167577255,42.51415252685547,39.3931770324707,1.0792262957570604,13.586689392104745,17.30806058831513,13.172180224210024,16.8751287907362,0.8290183357894421,0.8658635951578617,0.3419387206668034,0.6598256725469835,0.7832224883402716,0.7257259125537274,0.5998431834051327,Coarse_Sand
166,1371.5,41.78813271258092,52.41566848754883,37.53152847290039,1.3965769746200323,14.222270116209984,17.225158754736185,13.890662781894207,16.74617038294673,0.6632146686315536,0.9579767435789108,0.46547787135932595,0.7698472941584928,0.9656344501964185,0.6914294505386209,0.3773557916886588,Coarse_Sand
167,844.0,32.78130832893156,49.53831100463867,30.01025390625,1.6507128250028473,14.821005580946803,17.34490584768355,14.53545482084155,16.911974050104618,0.5711015202105045,0.8658635951578617,0.2864479208365083,0.6039179039078093,0.9126259588196746,0.5528677944439551,0.7275756507592046,Coarse_Sand
168,1175.5,38.68711781505807,64.80742645263672,30.91042709350586,2.096620219985652,3.647680677473545,17.298849273473024,3.0765791572630405,16.930396679788828,1.142203040421009,0.7369051873683929,0.39895679021719843,0.7127184450562115,1.1939232183235902,0.5694513517244246,0.48859583328628686,Coarse_Sand
169,13761.0,132.36710080341177,200.82005310058594,109.176513671875,1.8394070880861921,6.199214888736606,17.823894219473004,4.274050086736679,16.488253567367792,3.850329603999853,2.6712813042104244,4.670390804065391,2.438550080473728,3.6996334714354475,2.011318481590024,-1.2860236012887611,Very_Fine_Gravel
170,2596.5,57.49753453762039,203.61138916015625,85.00635528564453,2.395249019628785,15.935574676841497,16.027687825262547,15.051288451999426,14.093311708420515,1.768572449684143,3.868752233684063,0.8812346284976229,1.059255786541645,3.751057221985093,1.5660406042318016,-0.08305100993109996,Very_Coarse_Sand
171,3814.0,69.68597867304376,136.40908813476562,47.355918884277344,2.880507682009204,9.174469582736492,17.74099238589406,7.866462875157595,16.89355142042041,2.616013415157795,1.6948819309473038,1.29444593610242,1.2837989792752287,2.5130141162675272,0.8724205569605203,-0.36041931904358054,Very_Coarse_Sand
172,836.0,32.625576767294035,44.291744232177734,34.575225830078125,1.2810254501258207,15.07892239652574,17.943641312420368,14.70125848799944,17.501498199999332,0.7553278170526028,0.8842862248420715,0.28373277466744184,0.6010489190176175,0.8159704020571468,0.6369665817154555,0.7344456790723558,Coarse_Sand
173,870.0,33.282403818227905,51.00924301147461,33.75114440917969,1.5113337311786392,14.04725513420999,17.860739478841424,13.52221018821001,17.501498199999332,1.05008989199996,0.7184825576841831,0.29527214588597417,0.6131494005435438,0.9397243944722646,0.6217848348686061,0.705689449744752,Coarse_Sand
175,463.5,24.29293166714853,32.8251953125,23.050790786743164,1.4240377094298315,14.57230008020997,18.072599720209837,14.332805894315243,17.74099238589406,0.4789883717894554,0.6632146686315536,0.15730878117028624,0.44753968404769134,0.6047264175540477,0.42465618259236493,1.159912480800032,Medium_Sand
176,1263.5,40.10907833362514,68.46076202392578,30.819826126098633,2.22132213672524,4.4398537538945675,17.879162108525634,3.739793825894594,17.556766089051962,1.4001198559999466,0.6447920389473438,0.42882339807692915,0.7389146971153396,1.2612272666655997,0.5677822436528501,0.43652027064041,Coarse_Sand
177,670.5,29.218266799126305,49.294986724853516,24.154298782348633,2.0408370025163833,9.506076917052269,18.201558127999306,8.971820656210184,17.90679605305195,1.0685125216841698,0.5895241498947144,0.2275631882948801,0.5382773092547466,0.9081432857200156,0.4449857017489691,0.8935784841605605,Coarse_Sand
178,1202.5,39.12889664358086,53.61083984375,32.995731353759766,1.6247810745265145,2.9752546939998865,18.1923468131572,2.413364488631487,17.8146829046309,1.1237804107367992,0.7553278170526028,0.40812040853779763,0.7208571728164108,0.9876526495008875,0.6078681398899874,0.47221465578409527,Coarse_Sand
179,556.0,26.60678836073137,56.09765625,23.523853302001953,2.384713742676924,4.596446106210351,18.312093906104565,4.0161332711577415,18.054177090525627,1.1606256701052189,0.5158336311578751,0.18870265875011683,0.4901670090558982,1.0334663472458487,0.43337123812845846,1.0286547087510438,Medium_Sand
180,22.0,5.292567428401227,24.418378829956055,13.221853256225586,1.8468196822906442,4.4398537538945675,18.459474943578243,4.3293179757893085,18.348939165472984,0.22107155621051788,0.22107155621051788,0.00746665196493268,0.0975030098121465,0.44985075067302915,0.2435813062784078,3.3584094357941487,Very_Fine_Sand
181,373.0,21.792621462004423,28.69881820678711,20.20973777770996,1.4200490141163562,4.16351430863142,18.551588091999292,3.887174863368273,18.348939165472984,0.5526788905262947,0.4052978530526161,0.12659369013272226,0.40147739504267077,0.5287077001980975,0.3723165150937362,1.3166093349851784,Medium_Sand
182,2181.0,52.69663601281765,78.8980712890625,46.01242446899414,1.7147123238904447,3.666103307157755,18.146290238946676,3.13184704631567,17.317271903157234,1.0685125216841698,1.6580366715788841,0.7402167243417352,0.9708106108677348,1.4535099501567856,0.8476698568649539,0.042738217792422185,Coarse_Sand
183,1860.5,48.67095820897479,67.99177551269531,41.02855682373047,1.6571817479421946,7.451953707262874,18.90161805599928,6.890063501894474,18.367361795157194,1.1237804107367992,1.0685125216841698,0.6314411809435114,0.8966470394595947,1.2525873018423113,0.7558539088411464,0.1573879075499112,Coarse_Sand
184,2026.5,50.795865357387186,105.12789154052734,34.24945831298828,3.069476036082595,2.7910283971577883,19.18716881610453,1.9527987465262413,18.496320202946663,1.676459301263094,1.3816972263157368,0.6877804639516398,0.9357934169681266,1.9367322153329098,0.6309650873849648,0.09573801508937703,Coarse_Sand
185,1001.5,35.70923415661929,49.11995315551758,32.21287155151367,1.524854841859308,4.21878219768405,18.97530857473612,3.6845259368419647,18.62527861073613,1.0685125216841698,0.7000599279999733,0.3399023610400036,0.6578579971741338,0.9049187070898341,0.5934458036585539,0.6041518922064435,Coarse_Sand
186,629.5,28.310851160125598,41.86475372314453,26.103313446044922,1.6038099458016402,9.275794045999646,19.067421723157167,8.898130137473345,18.77265964820981,0.7553278170526028,0.5895241498947144,0.21364806417841464,0.521560326967776,0.7712588546621362,0.4808916771473406,0.9390939612532891,Coarse_Sand
187,292.0,19.281751659604673,32.00572967529297,15.91773509979248,2.0106962124096555,8.225704153999686,19.214802760630846,7.921730764210224,19.012153834104538,0.6079467795789242,0.4052978530526161,0.09910283517092466,0.3552205704877951,0.5896297055808475,0.29324653915482557,1.4932129656727886,Medium_Sand
188,1854.5,48.59241438446293,117.19119262695312,39.71725082397461,2.950637070685989,8.280972043052316,19.22401407547295,7.129557687789202,18.570010721683502,2.302828710526228,1.3080067075788975,0.6294048213167116,0.8952000556666312,2.158969944017258,0.7316962040049617,0.15971796886129241,Coarse_Sand
189,6741.5,92.64741977428243,155.1630401611328,71.48127746582031,2.1706808504552257,6.079467795789242,19.141112241894007,4.531966902315617,18.404207054525614,3.0950017869472504,1.4738103747367859,2.2880197373451665,1.7068091056991437,2.8585112295647264,1.31687310410706,-0.7713017123425201,Very_Coarse_Sand
190,2842.0,60.15435799788185,110.58464050292969,64.77738189697266,1.7071489656499659,3.435820436105132,19.380606427788734,2.4317871183156967,18.88319542631507,2.0080666355788708,0.9948220029473305,0.964555676560849,1.1082014612863629,2.0372598807469444,1.1933697186005645,-0.1482201745085928,Very_Coarse_Sand
191,1260.5,40.06143340094901,87.74536895751953,33.43388366699219,2.6244444059050998,4.900419495999813,19.537198780104518,4.071401160210371,19.196380130946636,1.6580366715788841,0.6816372983157635,0.42780521826352924,0.7380369521643181,1.6165004388087425,0.6159400577019483,0.4382350436835275,Coarse_Sand
192,612.0,27.914558950087667,48.61846923828125,25.27069664001465,1.9239069635024144,8.981031971052289,19.527987465262413,8.492832284420729,19.251648019999266,0.9763993732631207,0.5526788905262947,0.20770868193358183,0.5142595823355101,0.8956800545900023,0.4655526860609953,0.9594313237664717,Coarse_Sand
193,96.0,11.055812783082736,20.646007537841797,8.63935375213623,2.389762953361727,28.923528604209423,19.758270336315036,28.776147566735744,19.638523243367672,0.2947620749473572,0.2394941858947277,0.03258175402879715,0.20367714476068643,0.38035375132706406,0.15915961488649444,2.2956439947522194,Fine_Sand
